bookId,title,author,origin,genres,themes,publication_year,rating,cover_url,description
1,The White Tiger,Aravind Adiga,Indian,Fiction|Dark Comedy|Social Satire,Social Class|Ambition|Corruption|Modern India,2008,4.2,/static/covers/1.jpg,"Balram Halwai narrates his rise from a poor sweet-maker's son in a dark village to an entrepreneurial chauffeur in New Delhi and Bangalore, exposing the moral compromises of modern India."
2,The God of Small Things,Arundhati Roy,Indian,Literary Fiction|Drama|Family Saga,Caste|Forbidden Love|Memory|Family Secrets,1997,4.1,/static/covers/2.jpg,"The tragic childhood memories of fraternal twins Rahel and Estha in Kerala, whose lives are shattered by the 'Love Laws' dictating who should be loved, and how, and how much."
3,Midnight's Children,Salman Rushdie,Indian,Magical Realism|Historical Fiction|Literary,Identity|Post-Colonial India|Telepathy|Destiny,1981,4.0,/static/covers/3.jpg,"Born at the exact stroke of midnight on August 15, 1947, Saleem Sinai is telepathically linked to 1,000 other children born at India's independence, mirroring the nation's tumultuous history."
4,A Suitable Boy,Vikram Seth,Indian,Historical Fiction|Romance|Family Saga,Marriage|Post-Independence Politics|Tradition|Religious Harmony,1993,4.1,/static/covers/4.jpg,"Set in early 1950s India, Mrs. Rupa Mehra embarks on an exhaustive quest to find a suitable match for her spirited younger daughter, Lata, across four interconnected families."
5,The Palace of Illusions,Chitra Banerjee Divakaruni,Indian,Mythological Fiction|Fantasy|Feminist Drama,Mahabharata|Panchaali|Feminism|War & Honor,2008,4.3,/static/covers/5.jpg,"A reimagining of the world-famous Indian epic The Mahabharata from the poignant, powerful perspective of Panchaali (Draupadi), wife of the five Pandava brothers."
6,The Forest of Enchantments,Chitra Banerjee Divakaruni,Indian,Mythological Fiction|Drama|Feminist,Ramayana|Sita|Duty|Unconditional Love,2019,4.2,/static/covers/6.jpg,"The Ramayana told through Sita's tender yet fiercely resilient voice, highlighting the inner emotional lives of the women often silenced in heroic patriarchal tales."
7,Train to Pakistan,Khushwant Singh,Indian,Historical Fiction|War|Drama,Partition 1947|Communal Violence|Love & Sacrifice|Mano Majra,1956,4.3,/static/covers/7.jpg,"In the peaceful border village of Mano Majra, Sikhs and Muslims coexist harmoniously until the tragic ghost train filled with corpses arrives during the 1947 Partition of India."
8,The Immortals of Meluha,Amish Tripathi,Indian,Mythological Thriller|Fantasy|Action,Shiva Trilogy|Somras|Suryavanshis|Destiny & Karma,2010,4.4,/static/covers/8.jpg,"Tibetan tribal warrior Shiva is invited to the near-perfect empire of Meluha, where drinking the sacred Somras turns his throat blue, fulfilling the legend of the Neelkanth savior."
9,The Secret of the Nagas,Amish Tripathi,Indian,Mythological Thriller|Fantasy|Action,Shiva Trilogy|Deformed Nagas|Good vs Evil|Mystery,2011,4.3,/static/covers/9.jpg,"Shiva's quest to avenge his friend's murder takes him across ancient India to the sinister realm of the Nagas, only to reveal heartbreaking truths about justice and family."
10,The Oath of the Vayuputras,Amish Tripathi,Indian,Mythological Thriller|Fantasy|Epic War,Shiva Trilogy Finale|Evil of Somras|Vayuputras|Sacrifice,2013,4.2,/static/covers/10.jpg,"The climactic final showdown where Shiva leads a continent-wide crusade against the evil usage of Somras, reaching out to the mysterious and powerful Vayuputra tribe."
11,Ram: Scion of Ikshvaku,Amish Tripathi,Indian,Mythological Fiction|Epic|Action,Ram Chandra Series|Dharma|Ayodhya|Asura Raavan,2015,4.1,/static/covers/11.jpg,"Prince Ram struggles as a tortured, rule-bound prince of a weakened Ayodhya, striving to restore order and righteousness under the brutal economic blockade of Lanka's demon king Raavan."
12,Sita: Warrior of Mithila,Amish Tripathi,Indian,Mythological Fiction|Action|Feminist Epic,Warrior Sita|Vishnu Legacy|Martial Prowess|Governance,2017,4.3,/static/covers/12.jpg,"An abandoned infant found in a furrow grows to become the fierce prime minister and martial protector of Mithila, chosen as the next visionary Vishnu to deliver the subcontinent from darkness."
13,Raavan: Enemy of Aryavarta,Amish Tripathi,Indian,Mythological Fiction|Dark Drama|Epic,Raavan's Origin|Art & Rage|Tragedy|Lanka Empire,2019,4.4,/static/covers/13.jpg,"A complex psychological chronicle of Raavan, a brilliant artist, fearsome warrior, and ruthless pirate king pushed into monstrous vengeance by personal grief and societal cruelty."
14,War of Lanka,Amish Tripathi,Indian,Mythological Fiction|Epic War|Strategy,Battle of Lanka|Vayuputras|Dharma|Honor,2022,4.2,/static/covers/14.jpg,"Following Sita's abduction, Ram, Lakshman, and the fierce army of Kishkindha march onto Lanka for an apocalyptic war of strategy, cosmic weapons, and supreme devotion."
15,Five Point Someone,Chetan Bhagat,Indian,Contemporary Fiction|Humor|Campus Life,IIT Delhi|Academic Pressure|Friendship|Underdogs,2004,4.0,/static/covers/15.jpg,"Three engineering undergraduates at IIT Delhi struggle to survive extreme academic competition, tyrannical professors, and a low GPA (five point something) while seeking their true callings."
16,2 States: The Story of My Marriage,Chetan Bhagat,Indian,Romance|Humor|Contemporary,Inter-Community Marriage|Punjabi vs Tamil|Family Expectations|IIM Ahmedabad,2009,3.9,/static/covers/16.jpg,"Krish from Punjab and Ananya from Tamil Nadu fall in love at IIM Ahmedabad, but must navigate conservative families, cultural stereotypes, and quirky parents to win mutual approval."
17,The 3 Mistakes of My Life,Chetan Bhagat,Indian,Drama|Cricket|Contemporary,Ahmedabad|Cricket Talent|Earthquake & Riots|Ambition,2008,3.8,/static/covers/17.jpg,"Set in early 2000s Gujarat, three young friends open a cricket equipment shop and coach a prodigy, until religious tensions and natural disasters put their bonds to the ultimate trial."
18,Half Girlfriend,Chetan Bhagat,Indian,Romance|Drama|Young Adult,Language Barrier|Bihari Youth|Delhi Elite|Unrequited Love,2014,3.6,/static/covers/18.jpg,"Madhav, a Hindi-medium boy from rural Bihar, falls in love with Riya, a wealthy Delhi socialite who agrees to be his 'half girlfriend' amidst class and language insecurities."
19,One Indian Girl,Chetan Bhagat,Indian,Contemporary Fiction|Romance|Feminism,Modern Women|Wall Street|Gender Double Standards|Goa Wedding,2016,3.7,/static/covers/19.jpg,"Radhika Chetan is an ambitious Goldman Sachs banker making lots of money, but finds Indian society still judges her past relationships and independence before her Goa wedding."
20,Revolution 2020,Chetan Bhagat,Indian,Drama|Crime|Youth Politics,Varanasi|Engineering Coaching Scandals|Love Triangle|Corruption,2011,3.8,/static/covers/20.jpg,"In the ancient city of Varanasi, childhood friends Gopal, Raghav, and Aarti navigate ambition, coaching mafia corruption, political power, and a heart-wrenching love triangle."
21,The Blue Umbrella,Ruskin Bond,Indian,Fiction|Children|Classic,"Innocence, Kindness, Simple Living, Mountain Life",1974,4.5,/static/covers/21.jpg,"Set in a picturesque Garhwal village, young Binya trades her leopard-claw pendant for a stunning blue umbrella, sparking town envy and a heartfelt lesson in compassion."
22,Malgudi Days,R.K. Narayan,Indian,Short Stories|Classic|Slice of Life,Malgudi Town|Everyday Human Nature|Innocence|Simplicity,1943,4.5,/static/covers/22.jpg,"A delightful and heartwarming collection of short stories depicting the poignant, humorous, and timeless daily lives of ordinary residents in the fictional South Indian town of Malgudi."
23,Swami and Friends,R.K. Narayan,Indian,Classic|Coming of Age|Humor,Childhood Adventures|School Truancy|Malgudi Cricket Club|Colonial India,1935,4.4,/static/covers/23.jpg,"Ten-year-old schoolboy Swaminathan and his friends navigate the joys of cricket, school misadventures, and the turbulent waves of freedom protests in British-ruled India."
24,Ghachar Ghochar,Vivek Shanbhag,Indian,Contemporary Fiction|Literary Fiction|Family Drama,"Modern India, Wealth, Family Dynamics, Urbanization",2015,4.3,/static/covers/24.jpg,A masterfully crafted novella tracking a Bangalore family whose sudden wealth disrupts their traditional bonds and subtle moral balance.
25,The Shadow Lines,Amitav Ghosh,Indian,Literary Fiction|Historical|Post-Colonial,Dhaka & Calcutta Riots|Borders & Maps|Memory|Nationalism,1988,4.1,/static/covers/25.jpg,"A lyrical meditation weaving memories across Calcutta, Dhaka, and WWII London, exploring how arbitrary political borders (shadow lines) fail to divide human connections and trauma."
26,Sea of Poppies,Amitav Ghosh,Indian,Historical Epic|Adventure|Literary,Ibis Trilogy|Opium Wars|Indentured Laborers|Ganges,2008,4.2,/static/covers/26.jpg,"On the eve of the 19th-century Opium Wars, a former slave ship, the Ibis, gathers an eclectic crew of bankrupt rajahs, indentured coolies, and outcasts sailing across the Indian Ocean."
27,The Glass Palace,Amitav Ghosh,Indian,Historical Saga|Epic|War,Burma & Malaya|Teak Trade|Colonialism|Exiled Royals,2000,4.3,/static/covers/27.jpg,"Spanning three generations from the British fall of the Burmese Konbaung Dynasty in Mandalay to WWII Malaya, tracing an orphan boy's empire in the lucrative teak and rubber trade."
28,The Hungry Tide,Amitav Ghosh,Indian,Literary Fiction|Eco-Fiction|Mystery,Sundarbans Mangroves|River Dolphins|Human vs Nature|Morichjhanpi,2004,4.2,/static/covers/28.jpg,"In the perilous labyrinth of tidal islands in the Sundarbans, a cetologist and an illiterate fisherman forge an unlikely bond while tracking endangered river dolphins."
29,Gun Island,Amitav Ghosh,Indian,Speculative Fiction|Climate Fiction|Mystery,Climate Change|Bengali Folklore|Bonduki Sadagar|Venice Migrations,2019,3.9,/static/covers/29.jpg,"Rare books dealer Deen Datta investigates an ancient 17th-century Bengali myth of the Gun Merchant, unraveling global climate displacement from the Sundarbans to Venice."
30,The Inheritance of Loss,Kiran Desai,Indian,Literary Fiction|Drama|Post-Colonial,Kalimpong|Gorkhaland Agitation|Immigration in NYC|Man Booker Winner,2006,4.0,/static/covers/30.jpg,"Set in a decaying mansion in the Himalayan foothills of Kalimpong during the Gorkha insurgency, juxtaposed with the harsh immigrant underground in New York City."
31,Hullabaloo in the Guava Orchard,Kiran Desai,Indian,Humor|Satire|Magical Realism,Tree Guru|Indian Bureaucracy|Monkeys|Eccentricity,1998,3.8,/static/covers/31.jpg,"Sampath Chawla escapes his nagging family and tedious post office job by climbing a high guava tree, where townspeople soon mistake his overheard gossip for divine prophecy."
32,The Namesake,Jhumpa Lahiri,Indian,Literary Fiction|Drama|Immigrant Experience,Gogol Ganguli|Bengali Diaspora|Identity Crisis|Boston to Calcutta,2003,4.4,/static/covers/32.jpg,"Gogol Ganguli struggles with the bizarre Russian author namesake chosen by his Bengali immigrant parents, striving to forge his own identity between traditional roots and modern America."
33,Interpreter of Maladies,Jhumpa Lahiri,Indian,Short Stories|Literary|Drama,Pulitzer Prize|Exile|Cultural Alienation|Marital Disconnect,1999,4.5,/static/covers/33.jpg,"Nine deeply empathetic short stories capturing the quiet longings, misunderstandings, and cultural rifts experienced by Indians and Indian Americans navigating new lands."
34,The Lowland,Jhumpa Lahiri,Indian,Literary Fiction|Historical|Family Drama,Naxalite Movement|Calcutta Brothers|Sacrifice|Rhode Island,2013,4.1,/static/covers/34.jpg,Two inseparable Calcutta brothers take radically divergent paths in the 1960s: Subhash heads to quiet research in America while Udayan plunges into the violent Naxalite rebellion.
35,Unaccustomed Earth,Jhumpa Lahiri,Indian,Short Stories|Literary|Drama,Generational Shifts|Love & Loss|Bengali Heritage|Belonging,2008,4.3,/static/covers/35.jpg,"Luminous, emotionally rich stories exploring how subsequent generations of immigrants transform their relationships, grapple with secrets, and seek roots on unaccustomed earth."
36,The Rozabal Line,Ashwin Sanghi,Indian,Conspiracy Thriller|Historical Mystery|Religious Fiction,Jesus in Kashmir|Secret Societies|Cryptology|Kashmir Shrine,2007,4.1,/static/covers/36.jpg,A heart-pounding Da Vinci Code-style thriller investigating the provocative conspiracy that Jesus survived the crucifixion and lies buried at the Rozabal shrine in Srinagar.
37,Chanakya's Chant,Ashwin Sanghi,Indian,Historical Thriller|Political Fiction|Mystery,Chanakya & Chandragupta|Modern Political Kingmaker|Chanakya Neeti,2010,4.3,/static/covers/37.jpg,"Two parallel narratives 2,300 years apart: ancient master strategist Chanakya uniting fractured kingdoms, and modern Brahmin Pandit Gangasagar maneuvering a slum girl into the Prime Minister's seat."
38,The Krishna Key,Ashwin Sanghi,Indian,Mythological Thriller|Mystery|Crime,Lord Krishna Artifacts|Somnath|Dwarka|Kalki Avatar Serial Killer,2012,4.2,/static/covers/38.jpg,Historian Ravi Mohan Saini must decipher ancient Vedic puzzles and the submerged lost treasures of Dwarka to clear his name and stop a serial killer claiming to be Lord Krishna's final avatar.
39,The Sialkot Saga,Ashwin Sanghi,Indian,Business Thriller|Historical Fiction|Crime,Post-Partition Business|Post-1947 Mumbai & Calcutta|Ashoka Secrets,2016,4.3,/static/covers/39.jpg,"Two fierce business titans—one an underworld smuggler and the other a ruthless Wall Street corporate tycoon—clash over decades, unknowing that their fate is tied to Emperor Ashoka's secrets."
40,Keepers of the Kalachakra,Ashwin Sanghi,Indian,Sci-Fi Thriller|Mythology|Quantum Physics,Kalachakra Wheel|Quantum Dimension|Global Politics|Terror Plots,2018,4.1,/static/covers/40.jpg,"A high-octane blend of quantum physics, Tibetan Buddhist philosophy, and international geopolitics as an ex-soldier investigates assassinations driven by the mysterious wheel of time."
41,The Vault of Vishnu,Ashwin Sanghi,Indian,Historical Thriller|Action|Mythology,Bodhidharma|Shaolin Kung Fu|Pallava Dynasty|Indo-China Border,2020,4.2,/static/covers/41.jpg,"A secret investigator races along the ancient Buddhist trade routes of India, China, and Cambodia to discover how Bodhidharma's lost elixir connects to Chinese super-soldiers."
42,Wise and Otherwise,Sudha Murty,Indian,Non-Fiction|Inspirational|Short Essays,Human Values|Compassion|Rural India|Philanthropy,2002,4.6,/static/covers/42.jpg,"Fifty poignant true-life vignettes recorded by Sudha Murty during her travels across India as Infosys Foundation trustee, revealing human honesty, deceit, and selfless kindness."
43,Three Thousand Stitches,Sudha Murty,Indian,Non-Fiction|Memoir|Social Work,Devadasi Rehabilitation|Women Empowerment|Courage|True Stories,2017,4.6,/static/covers/43.jpg,"Heartening real stories recounting Murty's monumental mission to empower over 3,000 Devadasis in Karnataka, who stitched a celebratory bedspread for her as a token of gratitude."
44,Mahashweta,Sudha Murty,Indian,Drama|Social Fiction|Women Empowerment,Leukoderma (Vitiligo)|Stigma|Self-Respect|Second Chances,2000,4.4,/static/covers/44.jpg,"Anupama's fairy-tale marriage shatters when a small white patch of vitiligo appears on her skin. Abandoned by her husband, she rebuilds her life and self-worth as a Bombay lecturer."
45,Dollar Bahu,Sudha Murty,Indian,Drama|Family Fiction|Contemporary,Money vs Love|Mother-in-Law Expectations|NRI Dreams|Bangalore,2003,4.2,/static/covers/45.jpg,"Gouramma favors her US-dollar-earning daughter-in-law over her modest home-based one, until a journey to America reveals the cold superficiality of dollar-chasing materialism."
46,Grandma's Bag of Stories,Sudha Murty,Indian,Children's Literature|Folk Tales|Fables,Bedtime Tales|Moral Wisdom|Grandmother Love|Indian Folklore,2015,4.7,/static/covers/46.jpg,"Enchanting traditional fables and moral stories told by Ajji to her grandchildren visiting her village during summer vacations, filled with clever kings, loyal animals, and magical pots."
47,I Too Had a Love Story,Ravinder Singh,Indian,Romance|Tragedy|Contemporary Fiction,"True Love, Loss, Modern Relationships, Fate",2008,4.4,/static/covers/47.jpg,"A deeply emotional real-life love story between Ravin and Khushi, spanning cross-city calls and matrimonial sites before tragedy strikes."
48,Can Love Happen Twice?,Ravinder Singh,Indian,Romance|Drama|Contemporary Fiction,"Second Chances, Healing, Grief, Friendship",2011,4.2,/static/covers/48.jpg,"On Valentine's Day night in Chandigarh, three friends broadcast Ravin's unfinished radio narrative about finding love again after heartbreak."
49,Sacred Games,Vikram Chandra,Indian,Crime Fiction|Thriller|Mystery|Noir,"Mumbai Underworld, Corruption, Religion, Redemption",2006,4.6,/static/covers/49.jpg,"Sartaj Singh, a cynical Mumbai police officer, enters a deadly cat-and-mouse game against mythical crime lord Ganesh Gaitonde to avert citywide destruction."
50,Everyone Has a Story,Savi Sharma,Indian,Inspirational Fiction|Drama|Romance,"Dreams, Purpose, Friendship, Self-Discovery",2016,4.2,/static/covers/50.jpg,"Four young individuals cross paths in an unassuming cafe, inspiring each other to confront life tragedies and pursue their authentic writing and creative dreams."
51,Selection Day,Aravind Adiga,Indian,Literary Fiction|Contemporary Fiction|Drama,"Cricket Ambition, Slum Life, Father-Son Rivalry, Mumbai",2016,4.3,/static/covers/51.jpg,"Two brothers in Mumbai are groomed by their obsessive father to become the city's top batsmen, exploring the ferocious clash between family expectation and personal identity."
52,Legend of Suheldev,Amish Tripathi,Indian,Historical Fiction|Mythology|Action|Epic,"Patriotism, Warrior Spirit, Medieval India, Unity",2020,4.5,/static/covers/52.jpg,"The untold chronicle of King Suheldev of Shravasti, who united divided kingdoms to defend Mother India against ferocious foreign invaders in the 11th century."
53,India After Gandhi,Ramachandra Guha,Indian,Non-Fiction|History|Politics,"Democracy, Post-Independence, Nation Building, Indian Unity",2007,4.8,/static/covers/53.jpg,"The definitive historical masterwork detailing how the world's most diverse nation held together against insurmountable economic, linguistic, and political odds."
54,The Discovery of India,Jawaharlal Nehru,Indian,Non-Fiction|History|Philosophy,Ahmednagar Fort|Indian Civilisation|Vedas to Independence|Unity in Diversity,1946,4.5,/static/covers/54.jpg,"Penned during Nehru's imprisonment in Ahmednagar Fort (1942–1946), an epic intellectual journey through 5,000 years of India's cultural, artistic, and philosophical heritage."
55,Wings of Fire,A.P.J. Abdul Kalam,Indian,Autobiography|Inspirational|Science,Missile Man of India|Rameswaram to ISRO|SLV-3 & Agni|Youth Dreams,1999,4.8,/static/covers/55.jpg,Dr. Kalam's uplifting journey from selling newspapers in temple town Rameswaram to leading India's groundbreaking satellite and missile programs and the Pokhran-II tests.
56,Maximum City,Suketu Mehta,Indian,Non-Fiction|Memoir|Journalism|Sociology,"Mumbai Megacity, Underworld, Bollywood, Urban Survival",2004,4.7,/static/covers/56.jpg,A Pulitzer Prize finalist portrait plunging deep into Bombay's underbelly—from bar dancers and gang hitmen to Bollywood magnates and communal riots.
57,India 2020: A Vision for the New Millennium,A.P.J. Abdul Kalam,Indian,Non-Fiction|Strategy|Development,Technology Blueprint|Agriculture|Healthcare & Energy|Future India,1998,4.5,/static/covers/57.jpg,A comprehensive technological and socio-economic roadmap by Dr. Kalam and Y.S. Rajan for transforming India into one of the top five economic superpowers by 2020.
58,The Great Indian Novel,Shashi Tharoor,Indian,Satire|Historical Fiction|Political,Mahabharata Parallel|Indian Independence|Nehru & Gandhi|Puns & Wit,1989,4.2,/static/covers/58.jpg,"A masterfully witty satirical work mapping major characters and events of the Mahabharata onto 20th-century Indian history, from the British Raj through the Emergency."
59,An Era of Darkness: The British Empire in India,Shashi Tharoor,Indian,Non-Fiction|History|Post-Colonial,Colonial Exploitation|Loot of Indian Wealth|Famines|Railways Reality,2016,4.5,/static/covers/59.jpg,"A scathing, meticulously researched historical indictment dismantling the myth of benevolent British rule, detailing economic decimation, deindustrialization, and induced famines."
60,Why I Am a Hindu,Shashi Tharoor,Indian,Non-Fiction|Philosophy|Religion,Hinduism Essence|Tolerance & Inclusivity|Swami Vivekananda|Pluralism,2018,4.2,/static/covers/60.jpg,"An eloquent exploration of the profound philosophical roots and pluralistic traditions of Hinduism, contrasted against intolerant and dogmatic political distortions."
61,To Kill a Mockingbird,Harper Lee,International,Classic|Legal Drama|Coming of Age,Racial Injustice|Atticus Finch|Scout|Empathy & Integrity,1960,4.7,/static/covers/61.jpg,"In 1930s Alabama, upright lawyer Atticus Finch defends Tom Robinson, a Black man falsely accused of raping a white woman, seen through his young daughter Scout's eyes."
62,1984,George Orwell,International,Dystopian|Sci-Fi|Political Fiction,Big Brother|Totalitarianism|Thoughtcrime|Surveillance State,1949,4.8,/static/covers/62.jpg,"Winston Smith lives in totalitarian Oceania under the omnipresent gaze of Big Brother, rebelling in secret against mind control, rewritten history, and doublethink."
63,Animal Farm,George Orwell,International,Political Satire|Allegory|Classic,Soviet Revolution|Napoleon the Pig|Corruption of Power|Tyranny,1945,4.6,/static/covers/63.jpg,"Oppressed farm animals overthrow their human master to establish an egalitarian society, only for the cunning pigs under Napoleon to install an even more brutal totalitarian dictatorship."
64,Pride and Prejudice,Jane Austen,International,Classic Romance|Social Satire|Drama,Elizabeth Bennet & Mr. Darcy|Social Class|First Impressions|Wit,1813,4.7,/static/covers/64.jpg,The spirited Elizabeth Bennet and proud aristocratic Fitzwilliam Darcy must overcome initial misunderstandings and social differences to discover mutual affection and respect.
65,The Great Gatsby,F. Scott Fitzgerald,International,Classic|Tragedy|Literary Fiction,American Dream|Jay Gatsby|Roaring Twenties|Unrequited Obsession,1925,4.4,/static/covers/65.jpg,"Narrated by Nick Carraway, mysterious millionaire Jay Gatsby throws lavish parties in Long Island to win back his lost aristocratic love, Daisy Buchanan, ending in tragedy."
66,The Catcher in the Rye,J.D. Salinger,International,Coming of Age|Classic|Psychological,Holden Caulfield|Phoniness|Teen Alienation|New York City,1951,4.1,/static/covers/66.jpg,"Expelled from prep school, cynical teenager Holden Caulfield spends three wandering days in New York City railing against adult hypocrisy while struggling with grief and isolation."
67,The Lord of the Rings: The Fellowship of the Ring,J.R.R. Tolkien,International,High Fantasy|Epic Adventure|Classic,One Ring|Frodo Baggins|Middle-earth|Friendship & Courage,1954,4.8,/static/covers/67.jpg,"Hobbit Frodo Baggins inherits the master Ring of Power and sets out on a perilous quest with a fellowship of men, elves, dwarves, and wizards to cast it into Mount Doom."
68,The Hobbit,J.R.R. Tolkien,International,Fantasy|Adventure|Classic,Bilbo Baggins|Smaug the Dragon|Erebor|Mithril & Riddles,1937,4.7,/static/covers/68.jpg,Home-loving hobbit Bilbo Baggins is swept into an epic adventure by the wizard Gandalf and thirteen dwarves to reclaim the Lonely Mountain and its gold from the dragon Smaug.
69,Harry Potter and the Sorcerer's Stone,J.K. Rowling,International,Fantasy|Magic|Young Adult,Hogwarts|The Boy Who Lived|Voldemort|Friendship,1997,4.8,/static/covers/69.jpg,"On his eleventh birthday, orphan Harry Potter discovers he is a wizard and attends Hogwarts School of Witchcraft and Wizardry, uncovering secrets of his parents and Lord Voldemort."
70,Harry Potter and the Prisoner of Azkaban,J.K. Rowling,International,Fantasy|Mystery|Adventure,Sirius Black|Dementors|Marauder's Map|Time Turner,1999,4.8,/static/covers/70.jpg,"Harry's third year at Hogwarts is shadowed by escapee Sirius Black, soul-sucking Dementors guarding the castle, and deep revelations about his father's loyal circle."
71,The Alchemist,Paulo Coelho,International,Philosophical Fiction|Fable|Inspirational,Personal Legend|Santiago the Shepherd|Egyptian Pyramids|Destiny,1988,4.7,/static/covers/71.jpg,"Andalusian shepherd boy Santiago journeys across the Moroccan desert to Egypt in search of worldly treasure, learning that true alchemy lies in pursuing one's Personal Legend."
72,One Hundred Years of Solitude,Gabriel García Márquez,International,Magical Realism|Literary Epic|Family Saga,Buendía Family|Macondo Town|Generational Cycles|Nobel Laureate,1967,4.6,/static/covers/72.jpg,"The multi-generational saga of the Buendía family in the mythical Colombian town of Macondo, weaving miraculous wonders and tragic civil strife into timeless magical realism."
73,Love in the Time of Cholera,Gabriel García Márquez,International,Romance|Literary Fiction|Drama,Florentino Ariza & Fermina Daza|Enduring Love|Old Age|Caribbean,1985,4.4,/static/covers/73.jpg,"Florentino Ariza waits fifty-one years, nine months, and four days for his childhood beloved Fermina Daza, rekindling their passion in old age aboard a river steamship."
74,Crime and Punishment,Fyodor Dostoevsky,International,Psychological Thriller|Philosophical Classic|Crime,Raskolnikov|Guilt & Conscience|Pawnbroker Murder|Redemption,1866,4.7,/static/covers/74.jpg,"Impoverished student Raskolnikov murders an elderly pawnbroker to test his theory of extraordinary men, but is consumed by mental anguish, police suspicion, and moral torment."
75,The Brothers Karamazov,Fyodor Dostoevsky,International,Philosophical Novel|Mystery|Classic,Patricide|Faith vs Doubt|Grand Inquisitor|Free Will,1880,4.8,/static/covers/75.jpg,"A profound theological and psychological drama centered on the murder of a vulgar landowner and the distinct passions, moral crises, and courtroom trials of his three sons."
76,War and Peace,Leo Tolstoy,International,Historical Epic|War Drama|Classic,Napoleonic Invasion of Russia 1812|Pierre Bezukhov|Natasha Rostova|Destiny,1869,4.6,/static/covers/76.jpg,"A monumental panorama of Russian aristocratic society and military battles during Napoleon's 1812 invasion of Russia, tracing the personal evolution of Pierre, Andrei, and Natasha."
77,Anna Karenina,Leo Tolstoy,International,Classic Romance|Tragedy|Drama,Anna & Count Vronsky|Adultery|Russian High Society|Levin's Faith,1878,4.5,/static/covers/77.jpg,"St. Petersburg aristocrat Anna Karenina enters a scandalous extramarital romance with Count Vronsky, confronting societal hypocrisy and emotional tragedy."
78,The Da Vinci Code,Dan Brown,International,Mystery Thriller|Conspiracy|Action,Robert Langdon|Louvre Murder|Holy Grail|Priory of Sion,2003,4.5,/static/covers/78.jpg,Symbologist Robert Langdon and cryptologist Sophie Neveu unravel hidden codes in Leonardo da Vinci's artworks to expose a secret church conspiracy shielding the Holy Grail.
79,Angels & Demons,Dan Brown,International,Mystery Thriller|Action|Suspense,Illuminati|Antimatter Bomb|Vatican Conclave|CERN,2000,4.4,/static/covers/79.jpg,Robert Langdon races through Rome's secret altars of science to foil an ancient Illuminati plot to annihilate Vatican City with a stolen canister of CERN antimatter.
80,Inferno,Dan Brown,International,Mystery Thriller|Action|Sci-Fi,Dante's Inferno|Overpopulation Plague|Florence|Transhumanism,2013,4.2,/static/covers/80.jpg,"Awakening with amnesia in a Florence hospital, Robert Langdon follows Dante's poetic verses across Venice and Istanbul to stop a brilliant geneticist's global plague."
81,The Shining,Stephen King,International,Horror|Psychological Thriller|Supernatural,Overlook Hotel|Jack Torrance|Isolation Madness|Danny's Shining,1977,4.6,/static/covers/81.jpg,"Jack Torrance takes a winter caretaking post at the snowbound Overlook Hotel with his wife and telepathic son, where sinister supernatural entities drive him into homicidal madness."
82,It,Stephen King,International,Horror|Supernatural|Dark Fantasy,Pennywise the Dancing Clown|Derry Maine|Losers Club|Childhood Trauma,1986,4.5,/static/covers/82.jpg,"Seven outcast children in Derry, Maine confront a shape-shifting ancient evil entity feeding on children's terror, reuniting twenty-seven years later to destroy it forever."
83,Misery,Stephen King,International,Psychological Thriller|Horror|Suspense,Paul Sheldon|Annie Wilkes|Number One Fan|Imprisonment,1987,4.5,/static/covers/83.jpg,"Famous romance novelist Paul Sheldon crashes his car in a blizzard and is rescued by his deranged 'number one fan' Annie Wilkes, who holds him captive to rewrite her favorite heroine's death."
84,Dune,Frank Herbert,International,Sci-Fi Epic|Space Opera|Adventure,Desert Planet Arrakis|Melange Spice|Paul Atreides|Sandworms & Fremen,1965,4.8,/static/covers/84.jpg,"Young Paul Atreides is thrust into treacherous intergalactic political warfare on the desert planet Arrakis, leading the native Fremen in a holy war to control the universe's spice."
85,Foundation,Isaac Asimov,International,Sci-Fi Classic|Space Opera|Speculative,Hari Seldon|Psychohistory|Galactic Empire Collapse|Preserving Science,1951,4.7,/static/covers/85.jpg,"Mathematician Hari Seldon invents psychohistory to forecast the imminent collapse of the Galactic Empire, establishing a Foundation of scientists on Terminus to shorten the dark age."
86,Brave New World,Aldous Huxley,International,Dystopian|Sci-Fi Classic|Philosophical,Soma Drug|Genetic Engineering|Conditioning|Loss of Individuality,1932,4.5,/static/covers/86.jpg,"A futuristic World State achieves artificial harmony through test-tube reproduction, psychological conditioning, and the euphoria drug Soma, until a wild 'Savage' enters."
87,The Kite Runner,Khaled Hosseini,International,Contemporary Drama|Historical Fiction|Emotional,Kabul Afghanistan|Amir & Hassan|Betrayal & Guilt|Redemption,2003,4.8,/static/covers/87.jpg,"Amir haunts himself with the cowardice that destroyed his boyhood bond with his loyal Hazara kite runner Hassan in 1970s Kabul, returning decades later under Taliban rule for redemption."
88,A Thousand Splendid Suns,Khaled Hosseini,International,Contemporary Drama|Historical Fiction|Tragedy,Mariam & Laila|Afghan Women's Resilience|Kabul War|Enduring Bond,2007,4.8,/static/covers/88.jpg,"Two Afghan women from different generations and backgrounds are married to the same abusive shoemaker in war-torn Kabul, forming an unbreakable sisterhood of love and sacrifice."
89,The Book Thief,Markus Zusak,International,Historical Fiction|WWII Drama|Young Adult,Narrated by Death|Nazi Germany|Liesel Meminger|Power of Words,2005,4.7,/static/covers/89.jpg,"Narrated by Death, young foster girl Liesel Meminger steals books in Nazi Germany, sharing stories with neighbors and the Jewish fist-fighter hidden in her basement."
90,Atomic Habits,James Clear,International,Self-Help|Psychology|Productivity,1% Better Every Day|Habit Loop|Systems over Goals|Identity Change,2018,4.8,/static/covers/90.jpg,A practical framework on how tiny 1% daily behavior changes compound into remarkable life results by redesigning your environment and aligning habits with identity.
91,Sapiens: A Brief History of Humankind,Yuval Noah Harari,International,Non-Fiction|Anthropology|History,Cognitive Revolution|Agricultural Revolution|Fictional Stories|Homo Sapiens,2011,4.7,/static/covers/91.jpg,"A sweeping, provocative chronicle examining how an insignificant ape on the savanna became the master of Earth through shared fictions like money, religion, and nations."
92,"Thinking, Fast and Slow",Daniel Kahneman,International,Psychology|Behavioral Economics|Science,System 1 & System 2|Cognitive Biases|Heuristics|Decision Making,2011,4.6,/static/covers/92.jpg,"Nobel laureate Daniel Kahneman explains the two minds that drive our thinking: fast, instinctive System 1, and slow, logical, deliberative System 2."
93,The Psychology of Money,Morgan Housel,International,Personal Finance|Psychology|Business,Wealth vs Rich|Behavior over Formulas|Compounding|Financial Peace,2020,4.7,/static/covers/93.jpg,"Nineteen captivating short stories exploring the weird behavioral quirks and psychological biases that dictate how humans manage, invest, and think about money."
94,Rich Dad Poor Dad,Robert T. Kiyosaki,International,Personal Finance|Investing|Self-Help,Assets vs Liabilities|Financial Literacy|Cash Flow|Entrepreneurship,1997,4.5,/static/covers/94.jpg,Contrasting life philosophies between Kiyosaki's highly educated but struggling 'poor dad' and his best friend's entrepreneurial 'rich dad' on creating financial freedom.
95,Deep Work,Cal Newport,International,Productivity|Self-Help|Psychology,Distraction-Free Focus|Shallow Work Trap|Elite Output|Digital Minimalism,2016,4.6,/static/covers/95.jpg,Computer science professor Cal Newport argues that the superpower of the modern knowledge economy is the rare ability to concentrate without distraction on cognitively demanding tasks.
96,Norwegian Wood,Haruki Murakami,International,Literary Fiction|Romance|Coming of Age,Toru Watanabe|Tokyo 1960s|Grief & Loss|Naoko & Midori,1987,4.4,/static/covers/96.jpg,"Toru Watanabe reminisces about his 1960s college days in Tokyo, torn between the fragile, grief-stricken Naoko and the vibrant, vivacious Midori."
97,Kafka on the Shore,Haruki Murakami,International,Magical Realism|Surreal Fiction|Mystery,Kafka Tamura|Nakata the Cat Talker|Fish Rains|Parallel Realities,2002,4.5,/static/covers/97.jpg,"Fifteen-year-old runaway Kafka Tamura escapes an Oedipal curse, while an eccentric elderly man who talks to cats embarks on a surreal parallel quest across Japan."
98,The Metamorphosis,Franz Kafka,International,Classic|Existential Fiction|Surrealism,Gregor Samsa|Giant Insect|Alienation|Family Burdens,1915,4.3,/static/covers/98.jpg,"Traveling salesman Gregor Samsa wakes up one morning transformed into a monstrous verminous insect, leading his dependent family through shock, revulsion, and neglect."
99,The Little Prince,Antoine de Saint-Exupéry,International,Children's Classic|Philosophical Fable|Fantasy,Asteroid B-612|The Tamed Fox|Grown-up Foolishness|Seeing with Heart,1943,4.8,/static/covers/99.jpg,"An aviator stranded in the Sahara desert encounters a golden-haired boy from Asteroid B-612, learning that 'one sees clearly only with the heart; anything essential is invisible to the eyes.'"
100,The Hitchhiker's Guide to the Galaxy,Douglas Adams,International,Sci-Fi Comedy|Satire|Adventure,Answer 42|Arthur Dent & Ford Prefect|Don't Panic|Towels,1979,4.6,/static/covers/100.jpg,"Seconds before Earth is demolished by a bureaucratic Vogon constructor fleet to make way for a hyperspace bypass, ordinary Englishman Arthur Dent is whisked across the galaxy."
