userId,bookId,rating,timestamp
1,5,4.5,1600000000
1,6,4.5,1600000000
1,8,4.5,1600000000
1,9,5.0,1600000000
1,10,4.5,1600000000
1,11,4.5,1600000000
1,12,5.0,1600000000
1,13,4.5,1600000000
1,14,4.5,1600000000
1,38,4.5,1600000000
1,41,4.5,1600000000
1,58,5.0,1600000000
1,7,3.5,1600000000
1,36,4.0,1600000000
1,37,4.0,1600000000
1,39,3.5,1600000000
1,47,4.0,1600000000
1,15,2.5,1600000000
1,18,1.5,1600000000
1,90,1.5,1600000000
1,93,2.0,1600000000
2,36,4.5,1600000000
2,37,5.0,1600000000
2,38,4.5,1600000000
2,39,5.0,1600000000
2,40,5.0,1600000000
2,78,4.5,1600000000
2,79,5.0,1600000000
2,80,5.0,1600000000
2,81,5.0,1600000000
2,82,5.0,1600000000
2,83,4.5,1600000000
2,1,4.0,1600000000
2,20,3.5,1600000000
2,74,4.0,1600000000
2,86,3.5,1600000000
2,22,2.5,1600000000
2,46,2.5,1600000000
2,64,2.0,1600000000
2,99,2.5,1600000000
3,62,4.5,1600000000
3,63,5.0,1600000000
3,84,4.5,1600000000
3,85,5.0,1600000000
3,86,4.5,1600000000
3,97,5.0,1600000000
3,100,5.0,1600000000
3,40,4.5,1600000000
3,29,5.0,1600000000
3,3,3.5,1600000000
3,67,4.0,1600000000
3,68,4.0,1600000000
3,71,3.5,1600000000
3,16,2.0,1600000000
3,18,2.0,1600000000
3,45,2.0,1600000000
3,51,2.0,1600000000
4,61,4.5,1600000000
4,64,4.5,1600000000
4,65,5.0,1600000000
4,74,5.0,1600000000
4,75,4.5,1600000000
4,76,5.0,1600000000
4,77,4.5,1600000000
4,98,5.0,1600000000
4,47,5.0,1600000000
4,48,5.0,1600000000
4,50,4.5,1600000000
4,2,4.0,1600000000
4,4,3.5,1600000000
4,21,4.0,1600000000
4,66,3.5,1600000000
4,89,3.5,1600000000
4,15,1.5,1600000000
4,18,2.0,1600000000
4,20,2.0,1600000000
4,94,1.5,1600000000
5,15,5.0,1600000000
5,16,4.5,1600000000
5,17,4.5,1600000000
5,18,5.0,1600000000
5,19,4.5,1600000000
5,20,5.0,1600000000
5,1,4.5,1600000000
5,32,4.5,1600000000
5,8,4.0,1600000000
5,11,4.0,1600000000
5,44,4.0,1600000000
5,45,4.0,1600000000
5,74,1.5,1600000000
5,76,2.0,1600000000
5,85,2.0,1600000000
5,92,2.0,1600000000
6,42,4.5,1600000000
6,43,5.0,1600000000
6,44,4.5,1600000000
6,45,5.0,1600000000
6,46,4.5,1600000000
6,55,5.0,1600000000
6,56,4.5,1600000000
6,57,5.0,1600000000
6,71,5.0,1600000000
6,99,4.5,1600000000
6,22,3.5,1600000000
6,23,3.5,1600000000
6,90,4.0,1600000000
6,93,3.5,1600000000
6,62,2.0,1600000000
6,81,2.5,1600000000
6,82,1.5,1600000000
6,83,1.5,1600000000
7,3,5.0,1600000000
7,7,4.5,1600000000
7,25,4.5,1600000000
7,26,4.5,1600000000
7,27,4.5,1600000000
7,54,4.5,1600000000
7,58,5.0,1600000000
7,59,4.5,1600000000
7,60,4.5,1600000000
7,91,5.0,1600000000
7,2,3.5,1600000000
7,4,3.5,1600000000
7,30,4.0,1600000000
7,87,4.0,1600000000
7,88,3.5,1600000000
7,15,2.0,1600000000
7,18,2.0,1600000000
7,69,2.0,1600000000
7,100,1.5,1600000000
8,90,5.0,1600000000
8,91,5.0,1600000000
8,92,5.0,1600000000
8,93,5.0,1600000000
8,94,5.0,1600000000
8,95,4.5,1600000000
8,55,4.5,1600000000
8,56,4.5,1600000000
8,71,5.0,1600000000
8,42,4.0,1600000000
8,57,4.0,1600000000
8,61,4.0,1600000000
8,62,4.0,1600000000
8,5,2.5,1600000000
8,6,2.0,1600000000
8,8,2.0,1600000000
8,81,2.0,1600000000
8,82,1.5,1600000000
9,67,5.0,1600000000
9,68,5.0,1600000000
9,69,4.5,1600000000
9,70,4.5,1600000000
9,71,5.0,1600000000
9,72,5.0,1600000000
9,73,4.5,1600000000
9,96,5.0,1600000000
9,97,4.5,1600000000
9,5,5.0,1600000000
9,8,5.0,1600000000
9,9,5.0,1600000000
9,3,4.0,1600000000
9,12,3.5,1600000000
9,13,3.5,1600000000
9,84,3.5,1600000000
9,99,3.5,1600000000
9,50,2.0,1600000000
9,51,1.5,1600000000
9,92,2.5,1600000000
9,94,2.5,1600000000
10,15,5.0,1600000000
10,69,4.5,1600000000
10,71,5.0,1600000000
10,90,5.0,1600000000
10,99,4.5,1600000000
10,46,5.0,1600000000
10,1,4.0,1600000000
10,22,3.5,1600000000
10,61,3.5,1600000000
10,75,2.5,1600000000
10,76,2.0,1600000000
