movieId,title,genres,director,cast,overview,release_year,imdb_rating,poster_url
1,Inception,Action|Sci-Fi|Thriller,Christopher Nolan,"Leonardo DiCaprio, Joseph Gordon-Levitt, Elliot Page, Tom Hardy",A thief who steals corporate secrets through the use of dream-sharing technology is given the inverse task of planting an idea into the mind of a C.E.O.,2010,8.8,/static/posters/1.jpg
2,Interstellar,Adventure|Drama|Sci-Fi,Christopher Nolan,"Matthew McConaughey, Anne Hathaway, Jessica Chastain, Michael Caine","When Earth becomes uninhabitable in the future, a farmer and ex-NASA pilot, Joseph Cooper, is tasked to pilot a spacecraft to find a new planet for humans.",2014,8.7,/static/posters/2.jpg
3,The Dark Knight,Action|Crime|Drama,Christopher Nolan,"Christian Bale, Heath Ledger, Aaron Eckhart, Michael Caine","When the menace known as the Joker wreaks havoc and chaos on the people of Gotham, Batman must accept one of the greatest psychological and physical tests.",2008,9.0,/static/posters/3.jpg
4,The Matrix,Action|Sci-Fi,"Lana Wachowski, Lilly Wachowski","Keanu Reeves, Laurence Fishburne, Carrie-Anne Moss, Hugo Weaving","When a beautiful stranger leads computer hacker Neo to a forbidding underworld, he discovers the shocking truth--the life he knows is an elaborate deception.",1999,8.7,/static/posters/4.jpg
5,The Matrix Reloaded,Action|Sci-Fi,"Lana Wachowski, Lilly Wachowski","Keanu Reeves, Laurence Fishburne, Carrie-Anne Moss, Hugo Weaving","Neo and his newfound allies race to prevent an army of machines from destroying the last human refuge, Zion.",2003,7.2,/static/posters/5.jpg
6,The Godfather,Crime|Drama,Francis Ford Coppola,"Marlon Brando, Al Pacino, James Caan, Robert Duvall",The aging patriarch of an organized crime dynasty transfers control of his clandestine empire to his reluctant son.,1972,9.2,/static/posters/6.jpg
7,The Godfather Part II,Crime|Drama,Francis Ford Coppola,"Al Pacino, Robert De Niro, Robert Duvall, Diane Keaton","The early life and career of Vito Corleone in 1920s New York City is portrayed, while his son, Michael, expands and tightens his grip on the syndicate.",1974,9.0,/static/posters/7.jpg
8,Pulp Fiction,Crime|Drama,Quentin Tarantino,"John Travolta, Uma Thurman, Samuel L. Jackson, Bruce Willis","The lives of two mob hitmen, a boxer, a gangster and his wife, and a pair of diner bandits intertwine in four tales of violence and redemption.",1994,8.9,/static/posters/8.jpg
9,Goodfellas,Biography|Crime|Drama,Martin Scorsese,"Robert De Niro, Ray Liotta, Joe Pesci, Lorraine Bracco","The story of Henry Hill and his life in the mob, covering his relationship with his mob partners Jimmy Conway and Tommy DeVito.",1990,8.7,/static/posters/9.jpg
10,The Shawshank Redemption,Drama,Frank Darabont,"Tim Robbins, Morgan Freeman, Bob Gunton, William Sadler","Over the course of several years, two convicts form a friendship, seeking consolation and, eventually, redemption through basic compassion.",1994,9.3,/static/posters/10.jpg
11,Fight Club,Drama,David Fincher,"Brad Pitt, Edward Norton, Helena Bonham Carter, Meat Loaf",An insomniac office worker and a devil-may-care soap maker form an underground fight club that evolves into much more.,1999,8.8,/static/posters/11.jpg
12,Seven,Crime|Drama|Mystery,David Fincher,"Morgan Freeman, Brad Pitt, Kevin Spacey, Gwyneth Paltrow","Two detectives, a rookie and a veteran, hunt a serial killer who uses the seven deadly sins as his motives.",1995,8.6,/static/posters/12.jpg
13,Avengers: Endgame,Action|Adventure|Sci-Fi,"Anthony Russo, Joe Russo","Robert Downey Jr., Chris Evans, Mark Ruffalo, Chris Hemsworth","After the devastating events of Infinity War, the remaining Avengers assemble once more to reverse Thanos' actions.",2019,8.4,/static/posters/13.jpg
14,Avengers: Infinity War,Action|Adventure|Sci-Fi,"Anthony Russo, Joe Russo","Robert Downey Jr., Chris Hemsworth, Mark Ruffalo, Chris Evans",The Avengers and their allies must be willing to sacrifice all in an attempt to defeat the powerful Thanos before his blitz of devastation.,2018,8.4,/static/posters/14.jpg
15,Iron Man,Action|Adventure|Sci-Fi,Jon Favreau,"Robert Downey Jr., Gwyneth Paltrow, Terrence Howard, Jeff Bridges","After being held captive in an Afghan cave, billionaire engineer Tony Stark creates a unique weaponized suit of armor.",2008,7.9,/static/posters/15.jpg
16,Spider-Man: Into the Spider-Verse,Animation|Action|Adventure,"Bob Persichetti, Peter Ramsey","Shameik Moore, Jake Johnson, Hailee Steinfeld, Mahershala Ali",Teen Miles Morales becomes the new Spider-Man and joins other Spider-Heroes from parallel dimensions to stop a threat to all reality.,2018,8.4,/static/posters/16.jpg
17,Toy Story,Animation|Adventure|Comedy,John Lasseter,"Tom Hanks, Tim Allen, Don Rickles, Jim Varney",A cowboy doll is profoundly threatened and jealous when a new spaceman action figure supplants him as top toy in a boy's bedroom.,1995,8.3,/static/posters/17.jpg
18,Spirited Away,Animation|Adventure|Family,Hayao Miyazaki,"Daveigh Chase, Suzanne Pleshette, Miyu Irino, Rumi Hiiragi","During her family's move to the suburbs, a 10-year-old girl wanders into a world ruled by gods, witches, and spirits.",2001,8.6,/static/posters/18.jpg
19,Coco,Animation|Adventure|Drama,"Lee Unkrich, Adrian Molina","Anthony Gonzalez, Gael García Bernal, Benjamin Bratt, Alanna Ubach","Aspiring musician Miguel enters the Land of the Dead to find his great-great-grandfather, a legendary singer.",2017,8.4,/static/posters/19.jpg
20,Up,Animation|Adventure|Comedy,"Pete Docter, Bob Peterson","Edward Asner, Jordan Nagai, John Ratzenberger, Christopher Plummer","78-year-old Carl Fredricksen travels to Paradise Falls in his house equipped with balloons, inadvertently taking a young stowaway.",2009,8.3,/static/posters/20.jpg
21,Titanic,Drama|Romance,James Cameron,"Leonardo DiCaprio, Kate Winslet, Billy Zane, Kathy Bates","A seventeen-year-old aristocrat falls in love with a kind but poor artist aboard the luxurious, ill-fated R.M.S. Titanic.",1997,7.9,/static/posters/21.jpg
22,La La Land,Comedy|Drama|Music|Romance,Damien Chazelle,"Ryan Gosling, Emma Stone, Rosemarie DeWitt, J.K. Simmons","While navigating their careers in Los Angeles, a pianist and an actress fall in love while attempting to reconcile their aspirations.",2016,8.0,/static/posters/22.jpg
23,Whiplash,Drama|Music,Damien Chazelle,"Miles Teller, J.K. Simmons, Melissa Benoist, Paul Reiser",A promising young drummer enrolls at a cut-throat music conservatory where his dreams of greatness are mentored by an instructor who stops at nothing.,2014,8.5,/static/posters/23.jpg
24,Parasite,Drama|Thriller,Bong Joon Ho,"Song Kang-ho, Lee Sun-kyun, Cho Yeo-jeong, Choi Woo-shik",Greed and class discrimination threaten the newly formed symbiotic relationship between the wealthy Park family and the destitute Kim clan.,2019,8.5,/static/posters/24.jpg
25,The Prestige,Drama|Mystery|Sci-Fi,Christopher Nolan,"Christian Bale, Hugh Jackman, Scarlett Johansson, Michael Caine","After a tragic accident, two stage magicians in 1890s London engage in a battle to create the ultimate illusion while sacrificing everything.",2006,8.5,/static/posters/25.jpg
26,Memento,Mystery|Thriller,Christopher Nolan,"Guy Pearce, Carrie-Anne Moss, Joe Pantoliano, Mark Boone Junior",A man with short-term memory loss attempts to track down his wife's murderer using an intricate system of notes and tattoos.,2000,8.4,/static/posters/26.jpg
27,Oppenheimer,Biography|Drama|History,Christopher Nolan,"Cillian Murphy, Emily Blunt, Matt Damon, Robert Downey Jr.",The story of American scientist J. Robert Oppenheimer and his role in the development of the atomic bomb during World War II.,2023,8.9,/static/posters/27.jpg
28,Dune,Action|Adventure|Sci-Fi,Denis Villeneuve,"Timothée Chalamet, Rebecca Ferguson, Zendaya, Oscar Isaac",A noble family becomes embroiled in a war for control over the galaxy's most valuable asset on a dangerous desert planet.,2021,8.0,/static/posters/28.jpg
29,Blade Runner 2049,Action|Drama|Mystery|Sci-Fi,Denis Villeneuve,"Ryan Gosling, Harrison Ford, Ana de Armas, Sylvia Hoeks",Young Blade Runner K's discovery of a long-buried secret leads him to track down former Blade Runner Rick Deckard.,2017,8.0,/static/posters/29.jpg
30,Arrival,Drama|Mystery|Sci-Fi,Denis Villeneuve,"Amy Adams, Jeremy Renner, Forest Whitaker, Michael Stuhlbarg",A linguist works with the military to communicate with alien lifeforms after twelve mysterious spacecraft appear around the world.,2016,7.9,/static/posters/30.jpg
31,Gladiator,Action|Adventure|Drama,Ridley Scott,"Russell Crowe, Joaquin Phoenix, Connie Nielsen, Oliver Reed",A former Roman General sets out to exact vengeance against the corrupt emperor who murdered his family and sent him into slavery.,2000,8.5,/static/posters/31.jpg
32,The Departed,Crime|Drama|Thriller,Martin Scorsese,"Leonardo DiCaprio, Matt Damon, Jack Nicholson, Mark Wahlberg",An undercover cop and a mole in the police attempt to identify each other while infiltrating an Irish gang in South Boston.,2006,8.5,/static/posters/32.jpg
33,Shutter Island,Mystery|Thriller,Martin Scorsese,"Leonardo DiCaprio, Emily Mortimer, Mark Ruffalo, Ben Kingsley","In 1954, a U.S. Marshal investigates the disappearance of a murderer who escaped from a hospital for the criminally insane.",2010,8.2,/static/posters/33.jpg
34,The Wolf of Wall Street,Biography|Comedy|Crime,Martin Scorsese,"Leonardo DiCaprio, Jonah Hill, Margot Robbie, Matthew McConaughey","Based on the true story of Jordan Belfort, from his rise to a wealthy stock-broker to his fall involving crime and corruption.",2013,8.2,/static/posters/34.jpg
35,Forrest Gump,Drama|Romance,Robert Zemeckis,"Tom Hanks, Robin Wright, Gary Sinise, Sally Field",The history of the United States unfolds from the perspective of an Alabama man with an IQ of 75 who yearns to be reunited with his childhood sweetheart.,1994,8.8,/static/posters/35.jpg
36,WALL·E,Animation|Adventure|Family|Sci-Fi,Andrew Stanton,"Ben Burtt, Elissa Knight, Jeff Garlin, Fred Willard","In the distant future, a small waste-collecting robot inadvertently embarks on a space journey that will decide the fate of mankind.",2008,8.4,/static/posters/36.jpg
37,Inglourious Basterds,Adventure|Drama|War,Quentin Tarantino,"Brad Pitt, Diane Kruger, Eli Roth, Christoph Waltz","In Nazi-occupied France during World War II, a plan to assassinate Nazi leaders by Jewish U.S. soldiers coincides with a theatre owner's vengeful plans.",2009,8.4,/static/posters/37.jpg
38,Django Unchained,Drama|Western,Quentin Tarantino,"Jamie Foxx, Christoph Waltz, Leonardo DiCaprio, Kerry Washington","With the help of a German bounty-hunter, a freed slave sets out to rescue his wife from a brutal Mississippi plantation owner.",2012,8.5,/static/posters/38.jpg
39,The Lion King,Animation|Adventure|Drama,"Roger Allers, Rob Minkoff","Matthew Broderick, Jeremy Irons, James Earl Jones, Whoopi Goldberg","Lion prince Simba and his father are targeted by his bitter uncle, who wants to ascend the throne himself.",1994,8.5,/static/posters/39.jpg
40,Jurassic Park,Action|Adventure|Sci-Fi,Steven Spielberg,"Sam Neill, Laura Dern, Jeff Goldblum, Richard Attenborough",A pragmatic paleontologist touring an almost complete theme park on an island is tasked with protecting kids after cloned dinosaurs run loose.,1993,8.2,/static/posters/40.jpg
41,3 Idiots,Comedy|Drama,Rajkumar Hirani,"Aamir Khan, Madhavan, Sharman Joshi, Kareena Kapoor, Boman Irani","Two friends search for their long lost companion who inspired them to think differently, while looking back on their engineering college days.",2009,8.4,/static/posters/41.jpg
42,Dangal,Action|Biography|Drama|Sport,Nitesh Tiwari,"Aamir Khan, Sakshi Tanwar, Fatima Sana Shaikh, Sanya Malhotra",Former wrestler Mahavir Singh Phogat and his two wrestler daughters struggle towards glory at the Commonwealth Games in the face of societal oppression.,2016,8.3,/static/posters/42.jpg
43,Sholay,Action|Adventure|Comedy|Drama,Ramesh Sippy,"Dharmendra, Amitabh Bachchan, Sanjeev Kumar, Hema Malini, Amjad Khan","After his family is murdered by a notorious and ruthless bandit, a former police officer enlists the services of two outlaws to capture him.",1975,8.1,/static/posters/43.jpg
44,Dilwale Dulhania Le Jayenge,Drama|Romance,Aditya Chopra,"Shah Rukh Khan, Kajol, Amrish Puri, Farida Jalal","When Raj and Simran meet on a trip across Europe, love blossoms. Raj follows Simran back to India to win over her traditional father.",1995,8.0,/static/posters/44.jpg
45,Taare Zameen Par,Drama|Family,"Aamir Khan, Amole Gupte","Darsheel Safary, Aamir Khan, Tisca Chopra, Vipin Sharma","An eight-year-old boy is thought to be a lazy trouble-maker, until the new art teacher has the patience and compassion to discover the real face behind his struggles.",2007,8.3,/static/posters/45.jpg
46,Lagaan: Once Upon a Time in India,Adventure|Drama|Musical|Sport,Ashutosh Gowariker,"Aamir Khan, Gracy Singh, Rachel Shelley, Paul Blackthorne",The people of a small village in Victorian India stake their future on a game of cricket against their ruthless British rulers to avoid exorbitant taxes.,2001,8.1,/static/posters/46.jpg
47,PK,Comedy|Drama|Sci-Fi,Rajkumar Hirani,"Aamir Khan, Anushka Sharma, Sushant Singh Rajput, Boman Irani",An alien on Earth loses the only device he can use to communicate with his spaceship. His innocent nature and questions force humanity to confront religious dogmas.,2014,8.1,/static/posters/47.jpg
48,Swades,Drama,Ashutosh Gowariker,"Shah Rukh Khan, Gayatri Joshi, Kishori Ballal, Rajesh Vivek","A successful Indian scientist working at NASA returns to an Indian village to find his childhood nanny, only to discover his true calling.",2004,8.2,/static/posters/48.jpg
49,Chak De! India,Drama|Sport,Shimit Amin,"Shah Rukh Khan, Vidya Malvade, Sagarika Ghatge, Shilpa Shukla","Kabir Khan, a former hockey star tainted by false betrayal allegations, takes charge of the underdog Indian women's national hockey team to lead them to world glory.",2007,8.1,/static/posters/49.jpg
50,Kal Ho Naa Ho,Comedy|Drama|Musical|Romance,Nikkhil Advani,"Shah Rukh Khan, Preity Zinta, Saif Ali Khan, Jaya Bachchan","A terminally ill man falls in love with an uptight MBA student in New York, but tries to set her up with her best friend before it is too late.",2003,7.9,/static/posters/50.jpg
51,Kabhi Khushi Kabhie Gham,Drama|Musical|Romance,Karan Johar,"Amitabh Bachchan, Shah Rukh Khan, Kajol, Hrithik Roshan, Kareena Kapoor","After marrying a poor woman, rich son Rahul is disowned by his father. Years later, his younger brother Rohan embarks on a mission to bring his family back together.",2001,7.4,/static/posters/51.jpg
52,Kuch Kuch Hota Hai,Comedy|Drama|Romance,Karan Johar,"Shah Rukh Khan, Kajol, Rani Mukerji, Salman Khan",An 8-year-old girl sets out on a journey to fulfill her late mother's dying wish: to reunite her widower father with his college best friend who was secretly in love with him.,1998,7.5,/static/posters/52.jpg
53,Zindagi Na Milegi Dobara,Adventure|Comedy|Drama|Romance,Zoya Akhtar,"Hrithik Roshan, Farhan Akhtar, Abhay Deol, Katrina Kaif, Kalki Koechlin","Three friends embark on a bachelor road trip across Spain, confronting their deepest fears, healing past wounds, and discovering true freedom.",2011,8.2,/static/posters/53.jpg
54,Dil Chahta Hai,Comedy|Drama|Romance,Farhan Akhtar,"Aamir Khan, Saif Ali Khan, Akshaye Khanna, Preity Zinta","Three inseparable college friends navigate romance, adult responsibilities, and emotional rifts that threaten to break their bond in modern Mumbai.",2001,8.1,/static/posters/54.jpg
55,Queen,Adventure|Comedy|Drama,Vikas Bahl,"Kangana Ranaut, Rajkummar Rao, Lisa Haydon, Mish Boyko",A Delhi girl from a traditional family sets out on a solo honeymoon trip across Paris and Amsterdam after her fiancé calls off their wedding.,2013,8.1,/static/posters/55.jpg
56,Barfi!,Comedy|Drama|Romance,Anurag Basu,"Ranbir Kapoor, Priyanka Chopra, Ileana D'Cruz, Saurabh Shukla","Set in the 1970s in Darjeeling and Kolkata, this heartfelt story follows Barfi, a mute and deaf young man, and his relationships with two extraordinary women.",2012,8.1,/static/posters/56.jpg
57,Gangs of Wasseypur,Action|Comedy|Crime|Drama,Anurag Kashyap,"Manoj Bajpayee, Richa Chadha, Nawazuddin Siddiqui, Tigmanshu Dhulia","A clash between Sultan and Shahid Khan leads to the expulsion of Khan from Wasseypur, igniting a deadly multigenerational coal mafia blood feud.",2012,8.2,/static/posters/57.jpg
58,Gangs of Wasseypur Part 2,Action|Comedy|Crime|Drama,Anurag Kashyap,"Nawazuddin Siddiqui, Huma Qureshi, Tigmanshu Dhulia, Zeishan Quadri",Faizal Khan avenges the brutal murders of his father and brother as ruthless bloodshed engulfs the Dhanbad coal mafia in an epic criminal showdown.,2012,8.2,/static/posters/58.jpg
59,Andhadhun,Crime|Drama|Music|Mystery|Thriller,Sriram Raghavan,"Ayushmann Khurrana, Tabu, Radhika Apte, Anil Dhawan",A series of mysterious events unfold after a visually impaired pianist unintentionally reports the murder of a former film star.,2018,8.2,/static/posters/59.jpg
60,Drishyam,Crime|Drama|Mystery|Thriller,Nishikant Kamat,"Ajay Devgn, Shriya Saran, Tabu, Rajat Kapoor",Desperate measures are taken by a cable TV operator to protect his family from the dark side of the law after they commit an accidental murder.,2015,8.2,/static/posters/60.jpg
61,Kahaani,Mystery|Thriller,Sujoy Ghosh,"Vidya Balan, Parambrata Chatterjee, Nawazuddin Siddiqui, Indraneil Sengupta",A pregnant woman arrives in Kolkata from London to search for her missing husband during the vibrant festival of Durga Puja.,2012,8.1,/static/posters/61.jpg
62,Tumbbad,Drama|Fantasy|Horror|Mystery|Thriller,"Rahi Anil Barve, Anand Gandhi","Sohum Shah, Jyoti Malshe, Anita Date, Ronjini Chakraborty","A mythological horror story revolving around human greed and the forbidden worship of Hastar, the demon god of gold and grain.",2018,8.2,/static/posters/62.jpg
63,Stree,Comedy|Horror,Amar Kaushik,"Rajkummar Rao, Shraddha Kapoor, Pankaj Tripathi, Aparshakti Khurana","In the small town of Chanderi, men live in fear of an evil spirit named Stree who abducts men in the dark during the festival season.",2018,7.5,/static/posters/63.jpg
64,Munna Bhai M.B.B.S.,Comedy|Drama|Musical,Rajkumar Hirani,"Sanjay Dutt, Arshad Warsi, Gracy Singh, Boman Irani, Sunil Dutt","A lovable underworld don enrols in medical college to fulfil his father's dream of seeing him become a respected doctor, spreading warmth and laughter.",2003,8.1,/static/posters/64.jpg
65,Lage Raho Munna Bhai,Comedy|Drama|Fantasy,Rajkumar Hirani,"Sanjay Dutt, Arshad Warsi, Vidya Balan, Boman Irani, Dilip Prabhavalkar","Munna Bhai begins to see the spirit of Mahatma Gandhi. Through their conversations, he champions non-violence and truth, known as Gandhigiri.",2006,8.0,/static/posters/65.jpg
66,Bajrangi Bhaijaan,Action|Adventure|Comedy|Drama,Kabir Khan,"Salman Khan, Harshaali Malhotra, Nawazuddin Siddiqui, Kareena Kapoor",A devout Indian man undertakes a heartfelt and perilous journey across the border to reunite a mute Pakistani girl with her family.,2015,8.1,/static/posters/66.jpg
67,Sultan,Action|Drama|Sport,Ali Abbas Zafar,"Salman Khan, Anushka Sharma, Randeep Hooda, Amit Sadh","Sultan Ali Khan, a middle-aged former wrestling champion from Haryana, attempts a heroic comeback in mixed martial arts.",2016,7.0,/static/posters/67.jpg
68,War,Action|Thriller,Siddharth Anand,"Hrithik Roshan, Tiger Shroff, Vaani Kapoor, Ashutosh Rana",An Indian soldier is assigned to eliminate his former mentor and decorated rogue special agent in an international high-octane cat-and-mouse chase.,2019,6.5,/static/posters/68.jpg
69,Pathaan,Action|Adventure|Thriller,Siddharth Anand,"Shah Rukh Khan, Deepika Padukone, John Abraham, Dimple Kapadia",An exiled RAW field operative is called back to active duty to prevent a catastrophic biological terror strike on India planned by a rogue mercenary outfit.,2023,5.9,/static/posters/69.jpg
70,Jawan,Action|Thriller,Atlee,"Shah Rukh Khan, Nayanthara, Vijay Sethupathi, Deepika Padukone",A prison warden and a high-profile vigilante commando team set out on a crusade to dismantle systemic corruption across society.,2023,7.0,/static/posters/70.jpg
71,Animal,Action|Crime|Drama,Sandeep Reddy Vanga,"Ranbir Kapoor, Anil Kapoor, Bobby Deol, Rashmika Mandanna","A fierce father-son bond spirals into a violent obsession when a wealthy industrialist is targeted by assassins, unleashing utter devastation.",2023,6.1,/static/posters/71.jpg
72,Brahmastra Part One: Shiva,Action|Adventure|Fantasy|Sci-Fi,Ayan Mukerji,"Ranbir Kapoor, Alia Bhatt, Amitabh Bachchan, Mouni Roy, Nagarjuna",A young DJ named Shiva discovers his supernatural connection to fire and embarks on an epic journey to protect the celestial weapon Brahmastra.,2022,5.6,/static/posters/72.jpg
73,Yeh Jawaani Hai Deewani,Comedy|Drama|Musical|Romance,Ayan Mukerji,"Ranbir Kapoor, Deepika Padukone, Aditya Roy Kapur, Kalki Koechlin","Kabir and Naina meet during a trekking trip to the Himalayas. Years later, they reunite at a friend's lavish wedding, rediscovering love and dreams.",2013,7.3,/static/posters/73.jpg
74,Rockstar,Drama|Music|Musical|Romance,Imtiaz Ali,"Ranbir Kapoor, Nargis Fakhri, Shammi Kapoor, Kumud Mishra","Janardhan Jakhar seeks heartbreak to discover the true anguish needed to become a legendary music icon, ascending to fame as Jordan.",2011,7.7,/static/posters/74.jpg
75,Jab We Met,Comedy|Drama|Romance,Imtiaz Ali,"Shahid Kapoor, Kareena Kapoor, Tarun Arora, Saumya Tandon","A depressed wealthy businessman's life turns around when he meets a bubbly, talkative Punjabi girl on an overnight train journey.",2007,7.9,/static/posters/75.jpg
76,Tamasha,Comedy|Drama|Romance,Imtiaz Ali,"Ranbir Kapoor, Deepika Padukone, Piyush Mishra, Javed Sheikh","Ved and Tara meet in Corsica, living an untamed fantasy. Back in Delhi, Tara helps Ved break free from robotic corporate conformity to follow his inner artist.",2015,7.3,/static/posters/76.jpg
77,Haider,Action|Crime|Drama|Thriller,Vishal Bhardwaj,"Shahid Kapoor, Tabu, Kay Kay Menon, Shraddha Kapoor, Irrfan Khan","A modern adaptation of Shakespeare's Hamlet set against the turbulent backdrop of 1990s Kashmir, where a young poet searches for his disappeared father.",2014,8.0,/static/posters/77.jpg
78,Omkara,Action|Crime|Drama|Thriller,Vishal Bhardwaj,"Ajay Devgn, Saif Ali Khan, Kareena Kapoor, Vivek Oberoi, Konkona Sen Sharma","An Indian adaptation of Othello set amidst the political mafia underworld of rural Uttar Pradesh, where jealousy and betrayal breed tragedy.",2006,8.0,/static/posters/78.jpg
79,Maqbool,Crime|Drama,Vishal Bhardwaj,"Irrfan Khan, Tabu, Pankaj Kapur, Om Puri, Naseeruddin Shah","A gripping Mumbai underworld adaptation of Shakespeare's Macbeth, where right-hand henchman Maqbool falls into an ambitious vortex of ambition and betrayal.",2003,8.0,/static/posters/79.jpg
80,The Lunchbox,Drama|Romance,Ritesh Batra,"Irrfan Khan, Nimrat Kaur, Nawazuddin Siddiqui, Denzil Smith",A mistaken delivery in Mumbai's famously efficient lunchbox delivery system connects a lonely housewife to an older man nearing retirement.,2013,7.8,/static/posters/80.jpg
81,Hindi Medium,Comedy|Drama,Saket Chaudhary,"Irrfan Khan, Saba Qamar, Dishita Sehgal, Deepak Dobriyal",A wealthy Delhi boutique owner and his ambitious wife go to hilarious and desperate lengths to secure admission for their daughter in an elite English school.,2017,7.9,/static/posters/81.jpg
82,Paan Singh Tomar,Action|Biography|Crime|Drama,Tigmanshu Dhulia,"Irrfan Khan, Mahie Gill, Vipin Sharma, Imran Hasnee",The true story of an Indian army soldier and seven-time national steeplechase champion who turns into a dreaded Chambal valley rebel due to land injustice.,2012,8.2,/static/posters/82.jpg
83,Special 26,Crime|Drama|Thriller,Neeraj Pandey,"Akshay Kumar, Anupam Kher, Manoj Bajpayee, Jimmy Shergill",A team of daring con artists pose as CBI officers and execute audacious fake income tax raids on corrupt politicians and businessmen in 1980s India.,2013,8.0,/static/posters/83.jpg
84,A Wednesday,Action|Crime|Drama|Mystery|Thriller,Neeraj Pandey,"Naseeruddin Shah, Anupam Kher, Jimmy Shergill, Aamir Bashir",A retiring Mumbai police commissioner reminisces about the most mind-bending case of his career: a common man who held the entire city hostage over the phone.,2008,8.1,/static/posters/84.jpg
85,Baby,Action|Crime|Thriller,Neeraj Pandey,"Akshay Kumar, Danny Denzongpa, Rana Daggubati, Taapsee Pannu",An elite counter-intelligence black-ops unit embarks on a covert global manhunt to neutralize a mastermind plotting major terrorist strikes on Indian soil.,2015,7.9,/static/posters/85.jpg
86,Hera Pheri,Action|Comedy|Crime,Priyadarshan,"Akshay Kumar, Suniel Shetty, Paresh Rawal, Tabu, Gulshan Grover",Three broke roommates stumble into an accidental ransom phone call and hatch a comically disastrous plan to claim the ransom money for themselves.,2000,8.2,/static/posters/86.jpg
87,Phir Hera Pheri,Comedy|Crime,Neeraj Vora,"Akshay Kumar, Suniel Shetty, Paresh Rawal, Bipasha Basu, Rimi Sen","Babu Bhaiya, Raju, and Shyam fall victim to a hilarious investment scam promising to double their wealth in 21 days.",2006,7.3,/static/posters/87.jpg
88,Bhool Bhulaiyaa,Comedy|Horror|Mystery|Psychological|Thriller,Priyadarshan,"Akshay Kumar, Vidya Balan, Shiney Ahuja, Ameesha Patel, Paresh Rawal",An eccentric psychiatrist is summoned to an ancestral royal palace to unravel strange supernatural occurrences and the haunting presence of Manjulika.,2007,7.4,/static/posters/88.jpg
89,Chhichhore,Comedy|Drama,Nitesh Tiwari,"Sushant Singh Rajput, Shraddha Kapoor, Varun Sharma, Tahir Raj Bhasin","Following a tragic accident, a grieving father gathers his nostalgic college hostel mates to recount their unforgettable days as proud losers.",2019,8.3,/static/posters/89.jpg
90,MS Dhoni: The Untold Story,Biography|Drama|Sport,Neeraj Pandey,"Sushant Singh Rajput, Kiara Advani, Disha Patani, Anupam Kher","The inspiring life story of Mahendra Singh Dhoni, from a small-town railway ticket collector in Ranchi to leading India to World Cup cricket victory.",2016,8.0,/static/posters/90.jpg
91,Uri: The Surgical Strike,Action|Drama|War,Aditya Dhar,"Vicky Kaushal, Paresh Rawal, Yami Gautam, Mohit Raina","Major Vihaan Singh Shergill leads Indian special forces in a daring, covert counter-terrorist surgical strike following the Uri army base attack.",2019,8.2,/static/posters/91.jpg
92,Sardar Udham,Biography|Crime|Drama|History,Shoojit Sircar,"Vicky Kaushal, Shaun Scott, Stephen Hogan, Amol Parashar","A poignant biopic of Indian freedom fighter Udham Singh, who spent over two decades meticulously tracking down Michael O'Dwyer to avenge the Jallianwala Bagh massacre.",2021,8.4,/static/posters/92.jpg
93,Piku,Comedy|Drama,Shoojit Sircar,"Amitabh Bachchan, Deepika Padukone, Irrfan Khan, Moushumi Chatterjee","A quirky, warm road trip across India brings an independent architect daughter, her hypochondriac aging father, and a taxi business owner together.",2015,7.6,/static/posters/93.jpg
94,Pink,Crime|Drama|Thriller,Aniruddha Roy Chowdhury,"Amitabh Bachchan, Taapsee Pannu, Kirti Kulhari, Andrea Kevichüsa","When three independent young women are falsely accused of assault by influential men, a retired bipolar lawyer steps forward to champion the sanctity of female consent.",2016,8.1,/static/posters/94.jpg
95,Badhaai Ho,Comedy|Drama|Romance,Amit Sharma,"Ayushmann Khurrana, Neena Gupta, Gajraj Rao, Sanya Malhotra",A 25-year-old middle-class Delhi man faces social awkwardness and familial chaos when his middle-aged mother becomes unexpectedly pregnant.,2018,7.9,/static/posters/95.jpg
96,Article 15,Crime|Drama|Mystery|Thriller,Anubhav Sinha,"Ayushmann Khurrana, Nassar, Manoj Pahwa, Kumud Mishra","An upright, city-bred police officer in rural Uttar Pradesh investigates the brutal rape and murder of two Dalit girls, battling deeply entrenched caste discrimination.",2019,8.1,/static/posters/96.jpg
97,Vicky Donor,Comedy|Romance,Shoojit Sircar,"Ayushmann Khurrana, Yami Gautam, Annu Kapoor, Dolly Ahluwalia","A charming, unemployed young Punjabi man is persuaded by an infertility specialist to become a secret sperm donor, testing his relationship with his Bengali lover.",2012,7.8,/static/posters/97.jpg
98,Shershaah,Action|Biography|Drama|War,Vishnuvardhan,"Sidharth Malhotra, Kiara Advani, Shiv Panditt, Nikitin Dheer","The valorous journey of Captain Vikram Batra (Param Vir Chakra), whose extraordinary battlefield courage turned the tide of the 1999 Kargil War.",2021,8.3,/static/posters/98.jpg
99,Krrish,Action|Adventure|Sci-Fi,Rakesh Roshan,"Hrithik Roshan, Priyanka Chopra, Rekha, Naseeruddin Shah","Krishna inherits the superhuman powers endowed upon his father by an extraterrestrial visitor, adopting the superhero mantle of Krrish to save innocent lives.",2006,6.5,/static/posters/99.jpg
100,Koi... Mil Gaya,Action|Drama|Fantasy|Sci-Fi,Rakesh Roshan,"Hrithik Roshan, Preity Zinta, Rekha, Prem Chopra","A developmentally disabled young man befriends a stranded extraterrestrial alien named Jadoo, who bestows him with supernatural intellect and physical strength.",2003,7.1,/static/posters/100.jpg
